{ "columns":0,
 "grid":
    {
     "height":1,
     "orientation":"orthogonal",
     "width":1
    },
 "margin":0,
 "name":"tileset",
 "spacing":0,
 "tilecount":36,
 "tiledversion":"1.9.2",
 "tileheight":16,
 "tiles":[
        {
         "id":0,
         "image":"..\/images\/tiles\/T0.png",
         "imageheight":16,
         "imagewidth":16
        }, 
        {
         "id":1,
         "image":"..\/images\/tiles\/T1.png",
         "imageheight":16,
         "imagewidth":16
        }, 
        {
         "id":2,
         "image":"..\/images\/tiles\/T2.png",
         "imageheight":16,
         "imagewidth":16
        }, 
        {
         "id":3,
         "image":"..\/images\/tiles\/T3.png",
         "imageheight":16,
         "imagewidth":16
        }, 
        {
         "id":4,
         "image":"..\/images\/tiles\/T4.png",
         "imageheight":16,
         "imagewidth":16
        }, 
        {
         "id":5,
         "image":"..\/images\/tiles\/T5.png",
         "imageheight":16,
         "imagewidth":16
        },
        
        


        
        {
         "id":6,
         "image":"..\/images\/tiles\/T20.png",
         "imageheight":16,
         "imagewidth":16
        }, 
        {
         "id":7,
         "image":"..\/images\/tiles\/T21.png",
         "imageheight":16,
         "imagewidth":16
        }, 
        {
         "id":8,
         "image":"..\/images\/tiles\/T22.png",
         "imageheight":16,
         "imagewidth":16
        }, 
        {
         "id":9,
         "image":"..\/images\/tiles\/T23.png",
         "imageheight":16,
         "imagewidth":16
        }, 
        {
         "id":10,
         "image":"..\/images\/tiles\/T24.png",
         "imageheight":16,
         "imagewidth":16
        }, 
        {
         "id":11,
         "image":"..\/images\/tiles\/T25.png",
         "imageheight":16,
         "imagewidth":16
        }, 
        {
         "id":12,
         "image":"..\/images\/tiles\/T26.png",
         "imageheight":16,
         "imagewidth":16
        }, 
        {
         "id":13,
         "image":"..\/images\/tiles\/T27.png",
         "imageheight":16,
         "imagewidth":16
        }, 
        {
         "id":14,
         "image":"..\/images\/tiles\/T28.png",
         "imageheight":16,
         "imagewidth":16
        }, 





        {
         "id":15,
         "image":"..\/images\/tiles\/T40.png",
         "imageheight":16,
         "imagewidth":16
        }, 
        {
         "id":16,
         "image":"..\/images\/tiles\/T41.png",
         "imageheight":16,
         "imagewidth":16
        }, 
        {
         "id":17,
         "image":"..\/images\/tiles\/T42.png",
         "imageheight":16,
         "imagewidth":16
        }], 
 "tilewidth":16,
 "type":"tileset",
 "version":"1.9"
}