{ "compressionlevel":-1,
 "height":40,
 "infinite":false,
 "layers":[
        {
         "data":[12, 17, 17, 17, 11, 10, 17, 11, 11, 10, 11, 11, 11, 11, 11, 10, 11, 11, 10, 11, 11, 11, 10, 11, 11, 11, 11, 11, 11, 10,
            12, 3, 3, 3, 3, 11, 10, 11, 11, 3, 3, 3, 3, 3, 10, 11, 10, 3, 3, 3, 3, 3, 3, 3, 11, 10, 11, 10, 17, 11,
            12, 4, 4, 4, 4, 10, 11, 4, 4, 4, 4, 4, 4, 4, 4, 4, 4, 4, 4, 4, 4, 4, 4, 4, 4, 4, 11, 10, 11, 11,
            12, 3, 3, 3, 3, 11, 3, 3, 3, 3, 3, 3, 3, 3, 3, 3, 3, 3, 3, 3, 3, 3, 3, 3, 3, 3, 3, 11, 10, 11,
            12, 4, 4, 4, 10, 11, 4, 4, 4, 4, 4, 17, 4, 4, 4, 4, 4, 4, 4, 4, 17, 4, 4, 4, 4, 4, 4, 11, 11, 11,
            12, 3, 3, 3, 10, 3, 3, 3, 3, 3, 3, 17, 3, 3, 3, 3, 3, 3, 3, 3, 17, 3, 3, 3, 3, 3, 3, 11, 10, 11,
            12, 4, 4, 4, 11, 4, 4, 4, 4, 4, 4, 4, 4, 4, 4, 4, 4, 4, 4, 4, 4, 4, 4, 4, 4, 4, 4, 4, 11, 10,
            12, 3, 3, 3, 11, 11, 3, 3, 3, 3, 3, 3, 3, 3, 3, 3, 3, 3, 3, 3, 3, 3, 3, 3, 3, 3, 3, 3, 11, 11,
            12, 4, 4, 4, 11, 10, 11, 4, 4, 4, 4, 4, 4, 11, 10, 11, 11, 11, 4, 4, 4, 11, 11, 10, 4, 4, 4, 4, 10, 11,
            12, 3, 3, 3, 3, 11, 10, 11, 11, 10, 11, 11, 10, 11, 3, 3, 3, 11, 10, 11, 11, 3, 3, 11, 11, 11, 3, 3, 11, 11,
            12, 4, 4, 4, 4, 4, 4, 4, 4, 4, 4, 4, 4, 4, 4, 4, 4, 4, 4, 4, 4, 4, 4, 4, 4, 4, 4, 4, 10, 11,
            12, 3, 3, 3, 3, 3, 3, 3, 3, 3, 3, 3, 3, 3, 3, 3, 3, 3, 3, 3, 3, 3, 3, 3, 3, 3, 3, 3, 11, 10,
            12, 4, 4, 4, 4, 4, 4, 4, 4, 4, 4, 4, 4, 4, 4, 4, 4, 4, 4, 4, 4, 4, 4, 4, 4, 4, 4, 4, 4, 11,
            12, 3, 3, 3, 3, 3, 3, 3, 3, 3, 3, 3, 3, 3, 3, 3, 3, 3, 3, 3, 10, 11, 11, 11, 11, 3, 3, 3, 3, 11,
            12, 4, 4, 17, 17, 17, 17, 17, 4, 4, 4, 4, 17, 17, 17, 17, 17, 4, 4, 11, 11, 4, 4, 4, 10, 11, 4, 4, 4, 11,
            12, 3, 3, 3, 3, 3, 3, 3, 3, 3, 3, 3, 3, 3, 3, 3, 3, 3, 3, 11, 3, 3, 3, 3, 3, 11, 3, 3, 3, 10,
            12, 4, 4, 4, 4, 4, 4, 4, 4, 4, 4, 4, 4, 4, 4, 4, 4, 4, 4, 10, 4, 4, 4, 4, 4, 11, 4, 4, 4, 11,
            12, 3, 3, 3, 3, 3, 3, 3, 3, 3, 10, 11, 3, 11, 11, 3, 3, 3, 3, 11, 3, 3, 3, 3, 3, 10, 3, 3, 3, 11,
            12, 4, 4, 4, 4, 4, 4, 4, 4, 11, 4, 4, 4, 4, 10, 11, 4, 4, 4, 11, 10, 4, 4, 4, 11, 11, 4, 4, 4, 11,
            12, 3, 3, 3, 3, 3, 3, 3, 3, 11, 3, 3, 3, 3, 3, 10, 3, 3, 3, 3, 11, 11, 3, 11, 11, 3, 3, 3, 3, 11,
            12, 4, 4, 4, 4, 4, 4, 4, 4, 11, 4, 4, 4, 4, 4, 11, 4, 4, 4, 4, 4, 4, 4, 4, 4, 4, 4, 4, 4, 11,
            12, 3, 3, 3, 3, 3, 3, 3, 3, 10, 3, 3, 3, 3, 3, 11, 3, 3, 3, 3, 3, 3, 3, 3, 3, 3, 3, 3, 11, 11,
            12, 4, 4, 4, 17, 4, 4, 4, 4, 11, 11, 4, 4, 4, 10, 11, 4, 4, 4, 17, 4, 4, 4, 4, 4, 4, 4, 4, 11, 10,
            12, 3, 3, 3, 3, 3, 3, 3, 3, 3, 11, 11, 11, 11, 11, 3, 3, 3, 3, 3, 3, 3, 3, 3, 3, 3, 3, 3, 10, 11,
            12, 4, 4, 4, 4, 4, 4, 4, 4, 4, 4, 4, 4, 4, 4, 4, 4, 4, 4, 4, 4, 4, 4, 4, 4, 4, 4, 4, 4, 10,
            12, 3, 3, 3, 3, 3, 3, 3, 3, 3, 3, 3, 3, 3, 3, 3, 3, 3, 3, 3, 3, 3, 3, 3, 3, 3, 3, 3, 3, 11,
            12, 4, 4, 4, 11, 11, 4, 11, 10, 4, 4, 4, 4, 4, 4, 11, 11, 11, 10, 11, 11, 11, 10, 11, 4, 4, 4, 4, 4, 11,
            12, 3, 3, 10, 3, 3, 3, 3, 11, 3, 3, 3, 3, 3, 11, 3, 3, 3, 3, 3, 3, 3, 3, 3, 10, 3, 3, 3, 3, 10,
            12, 4, 4, 11, 4, 4, 4, 4, 11, 4, 4, 4, 4, 4, 10, 4, 4, 4, 4, 4, 4, 4, 4, 4, 11, 4, 4, 4, 11, 11,
            12, 3, 3, 11, 3, 3, 3, 3, 11, 3, 3, 3, 3, 3, 11, 3, 3, 3, 3, 3, 3, 3, 3, 3, 11, 3, 3, 3, 11, 11,
            12, 4, 4, 11, 4, 4, 4, 4, 11, 4, 4, 4, 4, 4, 11, 4, 4, 4, 4, 4, 4, 4, 4, 4, 4, 4, 4, 4, 10, 11,
            12, 3, 3, 11, 3, 3, 3, 3, 10, 3, 3, 3, 3, 3, 11, 3, 3, 3, 3, 3, 3, 3, 3, 3, 11, 3, 3, 3, 11, 10,
            12, 4, 4, 11, 4, 4, 4, 4, 11, 4, 4, 4, 4, 4, 11, 4, 4, 4, 4, 4, 4, 4, 4, 4, 11, 4, 4, 4, 10, 11,
            12, 3, 3, 10, 3, 3, 3, 3, 11, 3, 3, 3, 3, 3, 11, 10, 3, 3, 3, 3, 3, 3, 11, 10, 11, 3, 3, 3, 11, 11,
            12, 4, 4, 11, 4, 4, 4, 4, 11, 4, 4, 4, 4, 4, 4, 10, 11, 11, 10, 11, 11, 10, 11, 11, 4, 4, 4, 4, 11, 10,
            12, 3, 3, 11, 11, 3, 10, 11, 11, 3, 3, 3, 3, 3, 3, 3, 3, 3, 3, 3, 3, 3, 3, 3, 3, 3, 3, 3, 3, 11,
            12, 4, 4, 4, 11, 11, 11, 11, 4, 4, 4, 4, 4, 4, 4, 4, 4, 4, 4, 4, 4, 4, 4, 4, 4, 4, 4, 4, 4, 11,
            12, 3, 3, 3, 3, 3, 3, 3, 3, 3, 3, 3, 3, 3, 3, 3, 3, 3, 3, 3, 3, 3, 3, 3, 3, 3, 3, 11, 11, 11,
            12, 4, 4, 4, 4, 4, 4, 4, 4, 4, 4, 4, 4, 4, 4, 4, 4, 4, 4, 4, 4, 4, 4, 4, 4, 4, 11, 10, 11, 10,
            12, 3, 3, 3, 3, 3, 3, 3, 3, 3, 3, 11, 3, 11, 10, 11, 11, 11, 10, 11, 11, 10, 11, 11, 11, 10, 11, 11, 10, 11],
         "height":40,
         "id":1,
         "name":"Capa de patrones 1",
         "opacity":1,
         "type":"tilelayer",
         "visible":true,
         "width":30,
         "x":0,
         "y":0
        }],
 "nextlayerid":2,
 "nextobjectid":1,
 "orientation":"orthogonal",
 "renderorder":"right-down",
 "tiledversion":"1.11.2",
 "tileheight":16,
 "tilesets":[
        {
         "firstgid":1,
         "source":"tileset.json"
        }],
 "tilewidth":16,
 "type":"map",
 "version":"1.10",
 "width":30
}