{ "compressionlevel":-1,
 "height":40,
 "infinite":false,
 "layers":[
        {
         "data":[8, 8, 8, 7, 8, 8, 7, 8, 8, 7, 8, 7, 8, 8, 8, 7, 8, 8, 9, 8, 7, 8, 7, 8, 8, 7, 8, 7, 8, 8,
            8, 7, 8, 1, 1, 2, 1, 1, 1, 2, 1, 1, 1, 2, 7, 8, 8, 7, 8, 8, 1, 1, 1, 1, 1, 2, 8, 8, 16, 7,
            7, 8, 2, 1, 2, 1, 1, 1, 1, 1, 1, 1, 1, 1, 1, 1, 1, 1, 1, 2, 1, 1, 1, 16, 1, 1, 2, 7, 8, 8,
            8, 8, 1, 1, 16, 1, 1, 1, 1, 1, 1, 1, 1, 1, 1, 1, 2, 1, 1, 1, 1, 1, 1, 1, 1, 1, 1, 8, 8, 7,
            8, 7, 1, 1, 1, 2, 1, 16, 1, 1, 1, 1, 1, 1, 1, 1, 1, 16, 1, 1, 1, 1, 1, 1, 1, 1, 1, 1, 8, 8,
            8, 8, 8, 2, 1, 1, 1, 1, 1, 1, 1, 1, 1, 1, 1, 1, 1, 1, 1, 1, 1, 1, 1, 1, 1, 2, 1, 1, 7, 9,
            7, 9, 8, 1, 1, 1, 1, 1, 1, 1, 1, 1, 1, 2, 2, 1, 1, 1, 1, 1, 1, 2, 1, 1, 1, 1, 1, 1, 8, 7,
            8, 7, 1, 2, 1, 1, 1, 1, 2, 1, 2, 1, 1, 1, 1, 1, 7, 2, 1, 2, 1, 1, 1, 1, 16, 1, 2, 1, 8, 8,
            7, 8, 8, 1, 1, 1, 1, 2, 1, 1, 1, 1, 1, 1, 2, 8, 8, 7, 8, 8, 1, 1, 1, 1, 1, 1, 1, 1, 7, 8,
            8, 8, 7, 8, 2, 1, 1, 1, 1, 2, 8, 8, 8, 7, 8, 7, 8, 8, 7, 8, 9, 8, 1, 2, 2, 1, 2, 8, 16, 8,
            7, 16, 8, 8, 1, 1, 1, 1, 1, 1, 7, 8, 8, 8, 1, 2, 1, 1, 8, 1, 8, 8, 7, 8, 8, 7, 8, 8, 7, 8,
            8, 7, 8, 2, 1, 1, 2, 1, 1, 2, 1, 16, 2, 1, 1, 1, 1, 1, 1, 1, 1, 2, 8, 7, 8, 9, 7, 8, 8, 7,
            8, 8, 7, 1, 1, 1, 1, 1, 1, 1, 2, 1, 1, 2, 1, 1, 1, 1, 1, 1, 2, 1, 1, 1, 1, 1, 1, 8, 7, 9,
            7, 8, 8, 1, 1, 16, 2, 1, 1, 2, 1, 1, 1, 1, 2, 1, 2, 1, 2, 1, 1, 1, 1, 1, 16, 2, 1, 1, 8, 7,
            8, 9, 7, 1, 2, 1, 1, 1, 1, 1, 1, 1, 2, 1, 1, 1, 1, 2, 1, 2, 1, 1, 16, 2, 1, 1, 1, 2, 1, 8,
            7, 8, 8, 1, 1, 1, 1, 2, 1, 1, 2, 1, 1, 1, 2, 2, 1, 1, 1, 2, 1, 1, 2, 1, 1, 1, 1, 1, 1, 8,
            8, 7, 8, 7, 8, 2, 1, 1, 1, 1, 8, 7, 8, 8, 1, 1, 1, 1, 1, 1, 1, 2, 1, 1, 1, 1, 2, 16, 1, 7,
            8, 8, 7, 8, 8, 8, 7, 8, 8, 8, 7, 8, 9, 8, 7, 8, 8, 8, 1, 1, 2, 1, 1, 1, 1, 1, 1, 1, 1, 8,
            7, 8, 8, 8, 7, 8, 8, 7, 8, 8, 7, 8, 7, 8, 8, 7, 8, 7, 8, 1, 1, 1, 2, 1, 1, 2, 1, 1, 1, 8,
            8, 8, 16, 8, 8, 7, 8, 8, 7, 2, 1, 1, 1, 1, 8, 8, 7, 8, 8, 8, 2, 1, 1, 1, 1, 1, 1, 1, 2, 7,
            8, 7, 8, 7, 9, 8, 2, 1, 1, 1, 2, 1, 1, 1, 1, 1, 8, 7, 8, 1, 1, 1, 1, 2, 1, 1, 1, 2, 1, 7,
            8, 8, 7, 8, 1, 1, 1, 1, 1, 1, 1, 1, 1, 2, 1, 2, 1, 1, 1, 1, 2, 1, 1, 1, 2, 1, 1, 1, 2, 8,
            7, 7, 8, 8, 1, 2, 1, 1, 2, 16, 1, 2, 1, 1, 1, 1, 1, 2, 2, 1, 1, 1, 1, 1, 1, 1, 1, 1, 1, 8,
            8, 8, 7, 8, 1, 1, 1, 1, 1, 1, 1, 1, 1, 2, 1, 1, 1, 1, 1, 1, 1, 2, 1, 16, 1, 1, 2, 1, 1, 7,
            7, 8, 8, 8, 1, 1, 16, 1, 2, 1, 1, 1, 1, 1, 1, 2, 1, 1, 1, 1, 2, 1, 1, 1, 1, 1, 1, 1, 8, 8,
            8, 16, 7, 8, 1, 2, 1, 1, 1, 1, 2, 1, 1, 2, 1, 1, 1, 1, 2, 1, 1, 1, 1, 1, 1, 1, 1, 8, 8, 7,
            7, 8, 8, 1, 2, 1, 1, 2, 1, 2, 1, 2, 1, 1, 2, 1, 1, 1, 8, 8, 7, 8, 8, 7, 8, 8, 9, 8, 7, 8,
            9, 7, 8, 1, 1, 1, 1, 1, 1, 1, 1, 1, 1, 8, 9, 8, 8, 8, 7, 16, 8, 8, 7, 8, 7, 8, 8, 7, 16, 8,
            8, 8, 1, 1, 1, 1, 1, 1, 1, 1, 1, 1, 8, 7, 8, 7, 1, 8, 8, 7, 8, 1, 1, 1, 1, 1, 1, 8, 7, 8,
            8, 1, 1, 2, 1, 1, 2, 1, 1, 8, 8, 7, 8, 1, 1, 1, 2, 1, 1, 1, 1, 2, 1, 1, 2, 1, 1, 1, 1, 7,
            7, 1, 1, 1, 1, 1, 1, 1, 1, 1, 1, 1, 1, 2, 1, 1, 1, 1, 1, 1, 2, 1, 1, 16, 1, 1, 2, 1, 1, 8,
            8, 8, 1, 2, 1, 1, 1, 2, 1, 1, 1, 1, 2, 1, 2, 1, 1, 1, 2, 1, 1, 1, 1, 1, 1, 16, 1, 2, 1, 7,
            8, 8, 7, 8, 1, 2, 1, 1, 1, 2, 1, 1, 1, 1, 2, 1, 2, 1, 1, 1, 2, 1, 1, 2, 1, 2, 1, 1, 8, 8,
            7, 16, 8, 7, 8, 8, 8, 1, 2, 1, 1, 1, 2, 1, 1, 1, 1, 2, 1, 8, 8, 8, 7, 8, 1, 1, 2, 1, 7, 8,
            8, 7, 8, 1, 2, 1, 1, 1, 1, 1, 1, 1, 1, 1, 2, 8, 7, 8, 9, 7, 8, 7, 8, 8, 7, 8, 8, 7, 8, 16,
            7, 8, 1, 1, 1, 1, 1, 2, 1, 1, 1, 2, 1, 8, 8, 7, 8, 7, 8, 1, 1, 1, 1, 7, 8, 7, 8, 8, 8, 7,
            8, 7, 1, 1, 1, 2, 1, 1, 2, 1, 1, 1, 2, 1, 1, 1, 1, 1, 1, 1, 1, 1, 1, 1, 1, 8, 8, 7, 9, 8,
            9, 8, 1, 2, 1, 1, 1, 1, 1, 1, 1, 1, 1, 1, 1, 1, 1, 1, 1, 1, 1, 1, 1, 1, 1, 1, 8, 8, 8, 7,
            7, 8, 8, 1, 2, 16, 1, 1, 2, 1, 1, 1, 1, 2, 1, 2, 1, 1, 1, 2, 1, 1, 1, 2, 1, 1, 16, 7, 8, 8,
            8, 7, 8, 1, 1, 2, 1, 1, 1, 1, 2, 1, 1, 8, 7, 8, 8, 7, 8, 9, 8, 7, 7, 8, 8, 7, 8, 8, 7, 8],
         "height":40,
         "id":1,
         "name":"Capa de patrones 1",
         "opacity":1,
         "type":"tilelayer",
         "visible":true,
         "width":30,
         "x":0,
         "y":0
        }],
 "nextlayerid":2,
 "nextobjectid":1,
 "orientation":"orthogonal",
 "renderorder":"right-down",
 "tiledversion":"1.11.2",
 "tileheight":16,
 "tilesets":[
        {
         "firstgid":1,
         "source":"tileset.json"
        }],
 "tilewidth":16,
 "type":"map",
 "version":"1.10",
 "width":30
}