{ "compressionlevel":-1,
 "height":40,
 "infinite":false,
 "layers":[
        {
         "data":[14, 13, 5, 15, 14, 14, 14, 13, 14, 13, 13, 14, 14, 15, 14, 14, 14, 13, 14, 14, 13, 14, 14, 14, 15, 14, 14, 5, 14, 15,
            13, 14, 5, 14, 14, 5, 5, 5, 6, 5, 5, 5, 5, 5, 13, 14, 15, 14, 13, 14, 5, 5, 5, 6, 5, 5, 5, 5, 14, 14,
            14, 15, 5, 5, 6, 5, 5, 5, 6, 5, 5, 6, 18, 5, 6, 14, 13, 5, 5, 5, 6, 5, 5, 5, 5, 5, 6, 5, 6, 14,
            13, 14, 5, 6, 5, 5, 6, 5, 5, 5, 5, 5, 5, 5, 5, 14, 14, 5, 6, 5, 5, 5, 6, 5, 5, 5, 6, 5, 6, 13,
            14, 14, 5, 5, 5, 6, 5, 5, 18, 6, 5, 5, 5, 5, 13, 14, 13, 14, 5, 18, 5, 5, 5, 5, 6, 5, 5, 5, 5, 14,
            14, 5, 6, 5, 5, 5, 5, 5, 5, 5, 5, 5, 5, 14, 13, 14, 14, 15, 14, 14, 14, 14, 5, 5, 6, 5, 6, 5, 5, 15,
            13, 5, 5, 5, 5, 14, 14, 13, 14, 14, 15, 14, 14, 13, 14, 14, 13, 14, 14, 14, 13, 14, 14, 15, 14, 14, 5, 5, 5, 14,
            13, 5, 5, 5, 14, 15, 5, 5, 5, 5, 5, 5, 5, 5, 5, 5, 6, 5, 5, 5, 5, 6, 6, 5, 5, 5, 6, 5, 6, 14,
            15, 5, 6, 5, 13, 6, 5, 5, 5, 5, 5, 6, 6, 5, 5, 5, 5, 5, 6, 5, 5, 6, 5, 5, 6, 5, 6, 5, 5, 13,
            14, 5, 5, 5, 14, 5, 5, 6, 5, 5, 5, 5, 5, 5, 5, 5, 6, 5, 5, 5, 5, 5, 5, 5, 5, 5, 5, 5, 5, 14,
            13, 5, 5, 6, 14, 14, 5, 5, 5, 14, 14, 15, 14, 14, 13, 14, 13, 14, 14, 15, 14, 14, 13, 14, 13, 5, 5, 5, 5, 13,
            14, 6, 5, 5, 14, 5, 5, 5, 5, 5, 5, 5, 6, 5, 5, 5, 5, 5, 6, 5, 5, 5, 5, 5, 14, 14, 5, 5, 5, 14,
            14, 6, 5, 5, 13, 5, 5, 6, 6, 5, 5, 5, 5, 6, 5, 5, 6, 5, 6, 5, 6, 5, 5, 6, 5, 15, 5, 6, 5, 14,
            13, 5, 5, 6, 14, 15, 5, 5, 5, 5, 5, 5, 5, 5, 6, 5, 5, 5, 5, 5, 5, 5, 18, 6, 13, 14, 5, 6, 5, 15,
            15, 5, 5, 5, 5, 14, 14, 13, 14, 14, 13, 14, 14, 14, 15, 14, 14, 13, 14, 14, 14, 13, 14, 15, 14, 5, 5, 5, 5, 14,
            14, 5, 5, 5, 5, 5, 5, 6, 5, 14, 14, 14, 5, 5, 5, 5, 5, 5, 14, 15, 5, 5, 5, 5, 6, 5, 5, 5, 5, 13,
            13, 5, 5, 5, 6, 5, 5, 5, 5, 5, 15, 5, 5, 5, 5, 6, 5, 6, 5, 14, 5, 5, 5, 5, 6, 5, 5, 5, 6, 14,
            14, 5, 5, 5, 5, 5, 5, 5, 5, 14, 14, 5, 5, 5, 5, 5, 6, 18, 5, 15, 14, 5, 5, 6, 5, 5, 5, 6, 6, 14,
            15, 5, 6, 5, 5, 14, 13, 14, 14, 13, 14, 14, 5, 5, 5, 14, 14, 15, 14, 14, 13, 14, 14, 13, 15, 14, 5, 5, 6, 15,
            14, 5, 5, 5, 14, 14, 14, 5, 6, 5, 5, 5, 5, 5, 5, 5, 5, 5, 5, 5, 5, 5, 6, 5, 5, 5, 5, 5, 6, 14,
            13, 5, 5, 5, 15, 5, 5, 5, 5, 5, 5, 6, 5, 5, 5, 5, 5, 5, 5, 6, 5, 5, 6, 5, 5, 6, 5, 5, 5, 14,
            14, 5, 5, 6, 14, 5, 5, 18, 5, 5, 5, 5, 5, 6, 5, 6, 6, 5, 5, 5, 5, 5, 5, 5, 5, 5, 5, 5, 5, 13,
            13, 5, 6, 5, 5, 13, 14, 14, 13, 14, 14, 14, 15, 14, 13, 14, 14, 13, 14, 13, 14, 14, 15, 14, 14, 14, 5, 5, 6, 14,
            14, 5, 5, 5, 6, 5, 5, 5, 5, 5, 5, 5, 5, 5, 5, 5, 13, 14, 14, 5, 5, 6, 5, 5, 6, 6, 5, 6, 5, 13,
            14, 5, 5, 6, 5, 5, 5, 5, 6, 5, 6, 5, 5, 5, 6, 5, 6, 14, 5, 6, 6, 5, 5, 5, 5, 5, 5, 5, 5, 14,
            13, 5, 6, 5, 5, 5, 6, 5, 5, 5, 6, 5, 5, 5, 5, 5, 5, 14, 15, 5, 5, 5, 18, 6, 5, 5, 6, 5, 5, 14,
            14, 5, 5, 5, 5, 14, 14, 13, 14, 15, 14, 14, 13, 14, 5, 5, 5, 5, 14, 13, 14, 14, 15, 13, 14, 5, 5, 5, 6, 13,
            13, 6, 5, 6, 13, 14, 13, 5, 5, 5, 6, 5, 5, 5, 5, 5, 5, 5, 6, 5, 5, 5, 5, 14, 14, 13, 6, 5, 5, 14,
            14, 5, 5, 6, 14, 14, 5, 5, 18, 5, 5, 6, 5, 5, 6, 6, 5, 5, 5, 5, 5, 5, 5, 5, 5, 14, 5, 5, 6, 15,
            15, 5, 5, 5, 14, 15, 5, 6, 6, 5, 5, 5, 5, 5, 5, 5, 6, 6, 6, 6, 5, 5, 18, 5, 15, 14, 5, 6, 6, 14,
            14, 5, 6, 5, 5, 14, 14, 13, 14, 14, 15, 13, 14, 14, 13, 14, 13, 14, 13, 14, 14, 15, 13, 14, 14, 5, 5, 5, 5, 13,
            14, 5, 5, 5, 5, 5, 5, 5, 5, 5, 5, 6, 6, 6, 14, 15, 14, 5, 5, 6, 5, 6, 6, 6, 5, 5, 5, 6, 5, 13,
            13, 5, 5, 6, 5, 6, 5, 5, 6, 5, 5, 5, 18, 5, 5, 14, 5, 5, 5, 5, 5, 5, 5, 5, 6, 5, 5, 5, 5, 14,
            14, 5, 6, 5, 5, 6, 6, 5, 5, 5, 5, 5, 5, 5, 14, 14, 13, 5, 18, 5, 5, 5, 5, 5, 5, 5, 5, 5, 5, 14,
            14, 5, 5, 5, 14, 14, 13, 15, 14, 14, 13, 14, 14, 13, 14, 15, 14, 14, 13, 13, 14, 14, 13, 13, 14, 14, 6, 5, 6, 15,
            13, 6, 5, 5, 5, 5, 5, 5, 13, 15, 5, 5, 5, 5, 5, 5, 5, 5, 5, 5, 13, 15, 5, 5, 5, 5, 5, 5, 5, 14,
            14, 5, 5, 5, 6, 5, 5, 5, 5, 5, 5, 5, 5, 5, 5, 6, 5, 5, 5, 5, 5, 5, 5, 5, 5, 5, 5, 5, 5, 13,
            14, 18, 6, 5, 5, 5, 5, 5, 5, 5, 6, 5, 6, 5, 5, 5, 5, 6, 5, 5, 5, 5, 5, 6, 5, 6, 5, 5, 14, 14,
            15, 14, 5, 5, 6, 5, 5, 6, 6, 5, 5, 5, 5, 6, 5, 5, 5, 5, 5, 5, 6, 5, 5, 5, 5, 5, 5, 5, 14, 15,
            14, 13, 5, 14, 13, 5, 5, 5, 5, 5, 5, 5, 15, 14, 14, 14, 13, 15, 14, 14, 13, 14, 13, 14, 15, 14, 13, 5, 14, 14],
         "height":40,
         "id":1,
         "name":"Capa de patrones 1",
         "opacity":1,
         "type":"tilelayer",
         "visible":true,
         "width":30,
         "x":0,
         "y":0
        }],
 "nextlayerid":2,
 "nextobjectid":1,
 "orientation":"orthogonal",
 "renderorder":"right-down",
 "tiledversion":"1.11.2",
 "tileheight":16,
 "tilesets":[
        {
         "firstgid":1,
         "source":"tileset.json"
        }],
 "tilewidth":16,
 "type":"map",
 "version":"1.10",
 "width":30
}